{"epochs": [0, 1, 2, 3, 4, 5, 6, 7, 8, 9, 10, 11, 12, 13, 14], "train_loss": [2.3880347567204288, 1.0111013603137908, 0.5490834887685447, 0.4215384912629882, 0.3611021654389451, 0.2802411820626162, 0.23962623342629863, 0.20601585849696433, 0.1942669571194095, 0.16995886745380945, 0.20077378702166718, 0.13208557599607637, 0.13085408794030579, 0.1302174711297691, 0.11863456349952135], "final_accuracy": 0.9845216950012687, "inference_speed_ms": 0.5164790153503418}